link,name
https://www.pakwheels.com//used-cars/nissan-sakura-2023-for-sale-in-karachi-11116726,Nissan Sakura X 2023
https://www.pakwheels.com//used-cars/nissan-leaf-2021-for-sale-in-islamabad-9673580,Nissan Leaf e+ 2021
https://www.pakwheels.com//used-cars/audi-e-tron-gt-2022-for-sale-in-lahore-11220305,Audi e-tron GT RS 2022
https://www.pakwheels.com//used-cars/audi-e-tron-gt-2021-for-sale-in-islamabad-11109215,Audi e-tron GT RS 2021
https://www.pakwheels.com//used-cars/audi-e-tron-2021-for-sale-in-lahore-11060370,Audi e-tron 55 quattro 300kW 2021
https://www.pakwheels.com//used-cars/byd-atto-3-2025-for-sale-in-islamabad-11087452,BYD Atto 3 Advance 2025
https://www.pakwheels.com//used-cars/bmw-ix-2022-for-sale-in-islamabad-11219692,BMW iX xDrive40 2022
https://www.pakwheels.com//used-cars/audi-e-tron-2021-for-sale-in-karachi-11197229,Audi e-tron 50 quattro 230 kW 2021
https://www.pakwheels.com//used-cars/tesla-model-3-2020-for-sale-in-lahore-11092014,Tesla Model 3 Performance 2020
https://www.pakwheels.com//used-cars/audi-e-tron-2020-for-sale-in-lahore-11218922,Audi e-tron 50 quattro 230 kW 2020
https://www.pakwheels.com//used-cars/nissan-leaf-2022-for-sale-in-karachi-11218443,Nissan Leaf 2022
https://www.pakwheels.com//used-cars/byd-seal-2023-for-sale-in-lahore-10910458,BYD Seal 2023
https://www.pakwheels.com//used-cars/byd-atto-2-2026-for-sale-in-karachi-11221141,BYD Atto 2 Premium 2026
https://www.pakwheels.com//used-cars/forthing-friday-2015-for-sale-in-rawalpindi-11220785,Forthing Friday 2015
https://www.pakwheels.com//used-cars/deepal-l07-2025-for-sale-in-sialkot-11218932,Deepal L07 EV 2025
https://www.pakwheels.com//used-cars/audi-e-tron-2020-for-sale-in-lahore-11200280,Audi e-tron 55 quattro 300kW 2020
https://www.pakwheels.com//used-cars/tesla-model-3-2024-for-sale-in-lahore-11081651,Tesla Model 3 Long Range 2024
https://www.pakwheels.com//used-cars/inverex-xio-2025-for-sale-in-lahore-11020912,Inverex Xio EV-220 2025
https://www.pakwheels.com//used-cars/audi-e-tron-2021-for-sale-in-karachi-11218034,Audi e-tron 50 quattro Sportback 230kW 2021
https://www.pakwheels.com//used-cars/byd-atto-3-2026-for-sale-in-lahore-11194054,BYD Atto 3 Long Range 2026
https://www.pakwheels.com//used-cars/porsche-taycan-2022-for-sale-in-lahore-11217837,Porsche Taycan Base Model 2022
https://www.pakwheels.com//used-cars/kia-ev5-2025-for-sale-in-lahore-11031614,KIA EV5 EARTH 2025
https://www.pakwheels.com//used-cars/mg-zs-ev-2021-for-sale-in-faisalabad-11217468,MG ZS EV Luxury 2021
https://www.pakwheels.com//used-cars/nissan-sakura-2022-for-sale-in-islamabad-9264901,Nissan Sakura G 2022
https://www.pakwheels.com//used-cars/nissan-sakura-2022-for-sale-in-lahore-11215895,Nissan Sakura X 2022
https://www.pakwheels.com//used-cars/bmw-i4-2022-for-sale-in-lahore-11215834,BMW i4 eDrive40 2022
https://www.pakwheels.com//used-cars/nissan-leaf-2021-for-sale-in-karachi-11213901,Nissan Leaf 2021
https://www.pakwheels.com//used-cars/audi-e-tron-2022-for-sale-in-karachi-11215396,Audi e-tron 2022
https://www.pakwheels.com//used-cars/nissan-leaf-2023-for-sale-in-lahore-11123969,Nissan Leaf EV 2023
https://www.pakwheels.com//used-cars/avatr-11-2025-for-sale-in-lahore-11200354,Avatr 11 2025
https://www.pakwheels.com//used-cars/nissan-leaf-2021-for-sale-in-lahore-10714302,Nissan Leaf EV 2021
https://www.pakwheels.com//used-cars/mg-zs-ev-2025-for-sale-in-karachi-11028193,MG ZS EV MCE Essence 2025
https://www.pakwheels.com//used-cars/nissan-leaf-2020-for-sale-in-lahore-11214669,Nissan Leaf X V Selection 2020
https://www.pakwheels.com//used-cars/nissan-sakura-2023-for-sale-in-islamabad-11214555,Nissan Sakura G 2023
https://www.pakwheels.com//used-cars/ora-03-2026-for-sale-in-islamabad-11094852,ORA 03 400-Pro 2026
https://www.pakwheels.com//used-cars/nissan-leaf-2022-for-sale-in-islamabad-11076336,Nissan Leaf e+ 2022
https://www.pakwheels.com//used-cars/honri-ve-2026-for-sale-in-karachi-11214371,Honri Ve 2.0 2026
https://www.pakwheels.com//used-cars/mercedes-benz-eqc-2020-for-sale-in-islamabad-11213920,Mercedes Benz EQC 400 4MATIC 2020
https://www.pakwheels.com//used-cars/porsche-taycan-2021-for-sale-in-lahore-9215238,Porsche Taycan 4S 2021
https://www.pakwheels.com//used-cars/nissan-leaf-2020-for-sale-in-lahore-11213460,Nissan Leaf NISMO 2020
https://www.pakwheels.com//used-cars/tesla-model-3-2021-for-sale-in-karachi-10990997,Tesla Model 3 Standard Range Plus 2021
https://www.pakwheels.com//used-cars/audi-e-tron-2022-for-sale-in-karachi-11157494,Audi e-tron 50 quattro 230 kW 2022
https://www.pakwheels.com//used-cars/byd-seal-2025-for-sale-in-islamabad-11074676,BYD Seal Premium 2025
https://www.pakwheels.com//used-cars/mg-4-2024-for-sale-in-lahore-11078912,MG 4 Essence 2024
https://www.pakwheels.com//used-cars/inverex-xio-2025-for-sale-in-karachi-10859737,Inverex Xio EV-140 2025
https://www.pakwheels.com//used-cars/audi-e-tron-2023-for-sale-in-lahore-11092394,Audi e-tron 50 quattro 230 kW 2023
https://www.pakwheels.com//used-cars/porsche-taycan-2022-for-sale-in-lahore-11116355,Porsche Taycan 4S 2022
https://www.pakwheels.com//used-cars/audi-e-tron-gt-2022-for-sale-in-lahore-11208066,Audi e-tron GT Standard 2022
https://www.pakwheels.com//used-cars/nissan-leaf-2020-for-sale-in-lahore-9066759,Nissan Leaf EV 2020
https://www.pakwheels.com//used-cars/byd-seal-2025-for-sale-in-karachi-11208008,BYD Seal Dynamic 2025
https://www.pakwheels.com//used-cars/jaecoo-j6-2025-for-sale-in-rawalpindi-11075964,Jaecoo J6 Premium AWD 2025
https://www.pakwheels.com//used-cars/tesla-model-y-2022-for-sale-in-lahore-8563589,Tesla Model Y Standard Range 2022
https://www.pakwheels.com//used-cars/bmw-ix3-2022-for-sale-in-karachi-11193334,BMW iX3 M Sport 2022
https://www.pakwheels.com//used-cars/bmw-ix-2021-for-sale-in-karachi-10562030,BMW iX xDrive40 2021
https://www.pakwheels.com//used-cars/bmw-ix3-2021-for-sale-in-lahore-10355237,BMW iX3 M Sport 2021
https://www.pakwheels.com//used-cars/nissan-leaf-2022-for-sale-in-lahore-10089918,Nissan Leaf EV 2022
https://www.pakwheels.com//used-cars/deepal-s07-2025-for-sale-in-karachi-11019799,Deepal S07 EV 2025
https://www.pakwheels.com//used-cars/tesla-model-3-2020-for-sale-in-islamabad-10330613,Tesla Model 3 Long Range 2020
https://www.pakwheels.com//used-cars/tesla-model-x-2018-for-sale-in-islamabad-9705698,Tesla Model X Plaid 2018
https://www.pakwheels.com//used-cars/jmev-elight-2026-for-sale-in-sahiwal-11206833,JMEV Elight Premium 2026
https://www.pakwheels.com//used-cars/audi-e-tron-gt-2022-for-sale-in-islamabad-10652141,Audi e-tron GT 2022
https://www.pakwheels.com//used-cars/nissan-leaf-2021-for-sale-in-karachi-11206450,Nissan Leaf X V Selection 2021
https://www.pakwheels.com//used-cars/mercedes-benz-eqe-2022-for-sale-in-lahore-11206101,Mercedes Benz EQE 350+ Sedan 2022
https://www.pakwheels.com//used-cars/bmw-i4-2025-for-sale-in-lahore-11098366,BMW i4 eDrive35 2025
https://www.pakwheels.com//used-cars/dongfeng-box-2026-for-sale-in-depal-pur-11205415,Dongfeng Box Flagship 430 2026
https://www.pakwheels.com//used-cars/audi-e-tron-2022-for-sale-in-karachi-11205367,Audi e-tron 50 quattro Sportback 230kW 2022
https://www.pakwheels.com//used-cars/mercedes-benz-eqs-2022-for-sale-in-karachi-10629995,Mercedes Benz EQS 450 4MATIC 2022
https://www.pakwheels.com//used-cars/forthing-friday-2026-for-sale-in-karachi-11203271,Forthing Friday REEV Exclusive 2026
https://www.pakwheels.com//used-cars/audi-q6-e-tron-2025-for-sale-in-lahore-11186200,Audi Q6 e-tron Performance 2025
https://www.pakwheels.com//used-cars/hyundai-ioniq-5-2022-for-sale-in-gujranwala-11204676,Hyundai Ioniq 5 EV 2022
https://www.pakwheels.com//used-cars/bmw-ix3-2021-for-sale-in-islamabad-10840023,BMW iX3 2021
https://www.pakwheels.com//used-cars/mg-4-2024-for-sale-in-lahore-11010933,MG 4 Excite 2024
https://www.pakwheels.com//used-cars/ford-mustang-mach-e-2023-for-sale-in-lahore-11203155,Ford Mustang Mach-E GT 2023
https://www.pakwheels.com//used-cars/tesla-model-3-2021-for-sale-in-lahore-9791211,Tesla Model 3 Long Range 2021
https://www.pakwheels.com//used-cars/byd-atto-3-2025-for-sale-in-lahore-11012387,BYD Atto 3 2025
https://www.pakwheels.com//used-cars/byd-atto-3-2026-for-sale-in-lahore-10994055,BYD Atto 3 Advance 2026
https://www.pakwheels.com//used-cars/mercedes-benz-eqc-2021-for-sale-in-karachi-10996863,Mercedes Benz EQC 400 4MATIC 2021
https://www.pakwheels.com//used-cars/bmw-i4-2022-for-sale-in-lahore-11198557,BMW i4 M50 2022
https://www.pakwheels.com//used-cars/porsche-taycan-2021-for-sale-in-karachi-10786367,Porsche Taycan Base Model 2021
https://www.pakwheels.com//used-cars/nissan-sakura-2024-for-sale-in-lahore-10907070,Nissan Sakura G 2024
https://www.pakwheels.com//used-cars/byd-seal-2025-for-sale-in-multan-11197413,BYD Seal Performance 2025
https://www.pakwheels.com//used-cars/tesla-model-3-2021-for-sale-in-karachi-10986434,Tesla Model 3 Performance 2021
https://www.pakwheels.com//used-cars/bmw-ix1-2024-for-sale-in-islamabad-10405362,BMW iX1 xDrive30 2024
https://www.pakwheels.com//used-cars/tesla-model-x-2018-for-sale-in-lahore-7672834,Tesla Model X 2018
https://www.pakwheels.com//used-cars/byd-atto-3-2025-for-sale-in-lahore-11026829,BYD Atto 3 Long Range 2025
https://www.pakwheels.com//used-cars/porsche-taycan-2023-for-sale-in-lahore-10976287,Porsche Taycan Base Model 2023
https://www.pakwheels.com//used-cars/deepal-s07-2025-for-sale-in-lahore-11188790,Deepal S07 2025
https://www.pakwheels.com//used-cars/dongfeng-vigo-2013-for-sale-in-mandi-bahauddin-11188598,Dongfeng VIGO E1 2013
https://www.pakwheels.com//used-cars/honri-ve-2025-for-sale-in-islamabad-11131320,Honri Ve 2.0 2025
https://www.pakwheels.com//used-cars/dongfeng-box-2025-for-sale-in-lahore-11188022,Dongfeng Box Flagship 430 2025
https://www.pakwheels.com//used-cars/hyundai-kona-2020-for-sale-in-islamabad-11184480,Hyundai Kona 2020
https://www.pakwheels.com//used-cars/bmw-i4-2022-for-sale-in-lahore-11186047,BMW i4 2022
https://www.pakwheels.com//used-cars/dongfeng-vigo-2005-for-sale-in-daska-11185787,Dongfeng VIGO E1 2005
https://www.pakwheels.com//used-cars/byd-atto-3-2023-for-sale-in-islamabad-10502687,BYD Atto 3 Long Range 2023
https://www.pakwheels.com//used-cars/tesla-model-3-2020-for-sale-in-islamabad-11184416,Tesla Model 3 Standard Range Plus 2020
https://www.pakwheels.com//used-cars/ora-07-2025-for-sale-in-lahore-11183883,ORA 07 2025
https://www.pakwheels.com//used-cars/kia-ev9-2026-for-sale-in-karachi-11183158,KIA EV9 GT Line 2026
https://www.pakwheels.com//used-cars/kia-ev5-2026-for-sale-in-karachi-11182452,KIA EV5 EARTH 2026
https://www.pakwheels.com//used-cars/deepal-l07-2026-for-sale-in-karachi-11154032,Deepal L07 EV 2026
https://www.pakwheels.com//used-cars/dongfeng-box-2026-for-sale-in-islamabad-11035890,Dongfeng Box Lux 430 2026
https://www.pakwheels.com//used-cars/dongfeng-vigo-2000-for-sale-in-rawalpindi-11181562,Dongfeng VIGO 2000
https://www.pakwheels.com//used-cars/lexus-rz-2023-for-sale-in-karachi-11181044,Lexus RZ 450e Direct 4 2023
https://www.pakwheels.com//used-cars/mg-zs-ev-2022-for-sale-in-faisalabad-11180808,MG ZS EV 2022
https://www.pakwheels.com//used-cars/xpeng-g6-2026-for-sale-in-islamabad-11180370,Xpeng G6 Long Range RWD 2026
https://www.pakwheels.com//used-cars/jaecoo-j6-2026-for-sale-in-karachi-11178418,Jaecoo J6 Premium AWD 2026
https://www.pakwheels.com//used-cars/mg-zs-ev-2024-for-sale-in-islamabad-11177807,MG ZS EV MCE Essence 2024
https://www.pakwheels.com//used-cars/tesla-model-3-2022-for-sale-in-lahore-10612744,Tesla Model 3 Long Range 2022
https://www.pakwheels.com//used-cars/audi-q8-e-tron-2020-for-sale-in-faisalabad-11173306,Audi Q8 e-tron 50 quattro 2020
https://www.pakwheels.com//used-cars/seres-3-2023-for-sale-in-karachi-11172611,Seres 3 EV 2023
https://www.pakwheels.com//used-cars/mg-cyberster-2026-for-sale-in-karachi-11173228,MG Cyberster GT (Dual) 2026
https://www.pakwheels.com//used-cars/nissan-sakura-2024-for-sale-in-islamabad-11172744,Nissan Sakura X 2024
https://www.pakwheels.com//used-cars/mercedes-benz-eqc-2019-for-sale-in-lahore-9836376,Mercedes Benz EQC 400 4MATIC 2019
https://www.pakwheels.com//used-cars/byd-sealion-7-2025-for-sale-in-islamabad-11061389,BYD Sealion 7 RWD 2025
https://www.pakwheels.com//used-cars/mg-4-2025-for-sale-in-islamabad-11060445,MG 4 Essence 2025
https://www.pakwheels.com//used-cars/bmw-ix3-2022-for-sale-in-lahore-9573653,BMW iX3 2022
https://www.pakwheels.com//used-cars/gugo-gigi-2023-for-sale-in-islamabad-10712719,GUGO GIGI 220 2023
https://www.pakwheels.com//used-cars/nissan-leaf-2020-for-sale-in-lahore-8911725,Nissan Leaf 2020
https://www.pakwheels.com//used-cars/honri-ve-2026-for-sale-in-lahore-11169664,Honri Ve 3.0 2026
https://www.pakwheels.com//used-cars/audi-q4-e-tron-2022-for-sale-in-karachi-9932883,Audi Q4 e-tron 45 RWD 2022
https://www.pakwheels.com//used-cars/bmw-i4-2025-for-sale-in-karachi-9818575,BMW i4 eDrive40 2025
https://www.pakwheels.com//used-cars/nissan-leaf-2022-for-sale-in-islamabad-11167471,Nissan Leaf X V Selection 2022
https://www.pakwheels.com//used-cars/bmw-ix-2021-for-sale-in-lahore-11166604,BMW iX xDrive50 2021
https://www.pakwheels.com//used-cars/mg-4-2023-for-sale-in-karachi-11160274,MG 4 Essence 2023
https://www.pakwheels.com//used-cars/dongfeng-vigo-2014-for-sale-in-karachi-11139727,Dongfeng VIGO 2014
https://www.pakwheels.com//used-cars/audi-q8-e-tron-2024-for-sale-in-lahore-11154428,Audi Q8 e-tron 50 quattro 2024
https://www.pakwheels.com//used-cars/jaecoo-j6-2026-for-sale-in-gujranwala-11152486,Jaecoo J6 Luxury RWD 2026
https://www.pakwheels.com//used-cars/omoda-e5-2026-for-sale-in-gujranwala-11152484,Omoda E5 Lux 2026
https://www.pakwheels.com//used-cars/mercedes-benz-eqc-2022-for-sale-in-islamabad-11038596,Mercedes Benz EQC 400 4MATIC 2022
https://www.pakwheels.com//used-cars/byd-atto-3-2026-for-sale-in-lahore-11151730,BYD Atto 3 2026
https://www.pakwheels.com//used-cars/seres-3-2023-for-sale-in-karachi-11106978,Seres 3 2023
https://www.pakwheels.com//used-cars/gugo-tourer-1940-for-sale-in-sargodha-11151008,GUGO Tourer 1940
https://www.pakwheels.com//used-cars/byd-atto-3-2022-for-sale-in-lahore-11149730,BYD Atto 3 Long Range 2022
https://www.pakwheels.com//used-cars/kia-ev5-2025-for-sale-in-islamabad-11146750,KIA EV5 Air 2025
https://www.pakwheels.com//used-cars/seres-3-2025-for-sale-in-lahore-11145243,Seres 3 EV 2025
https://www.pakwheels.com//used-cars/bmw-ix-2022-for-sale-in-karachi-11144660,BMW iX 2022
https://www.pakwheels.com//used-cars/tesla-model-3-2021-for-sale-in-karachi-11144633,Tesla Model 3 2021
https://www.pakwheels.com//used-cars/hyundai-kona-2020-for-sale-in-islamabad-11142711,Hyundai Kona 1.0 Smartstream T-GDi 2020
https://www.pakwheels.com//used-cars/toyota-bz4x-2022-for-sale-in-lahore-10587191,Toyota bZ4X Z 2022
https://www.pakwheels.com//used-cars/porsche-taycan-2021-for-sale-in-lahore-11134893,Porsche Taycan Turbo 2021
https://www.pakwheels.com//used-cars/mg-4-2026-for-sale-in-lahore-11131665,MG 4 Excite 2026
https://www.pakwheels.com//used-cars/porsche-taycan-2020-for-sale-in-lahore-10448350,Porsche Taycan Turbo S 2020
https://www.pakwheels.com//used-cars/gmc-hummer-ev-2023-for-sale-in-karachi-11013646,GMC Hummer EV Pickup Edition 1 2023
https://www.pakwheels.com//used-cars/mercedes-benz-eqc-2020-for-sale-in-karachi-11124668,Mercedes Benz EQC 2020
https://www.pakwheels.com//used-cars/mg-zs-ev-2024-for-sale-in-karachi-10899716,MG ZS EV MCE Long Range 2024
https://www.pakwheels.com//used-cars/kia-ev5-2025-for-sale-in-karachi-11114148,KIA EV5 2025
https://www.pakwheels.com//used-cars/hyundai-kona-2021-for-sale-in-lahore-11109087,Hyundai Kona 1.0 Smartstream T-GDi 2021
https://www.pakwheels.com//used-cars/mg-5-ev-2025-for-sale-in-sialkot-11103366,MG 5 EV 2025
https://www.pakwheels.com//used-cars/mg-zs-ev-2020-for-sale-in-lahore-11095906,MG ZS EV 2020
https://www.pakwheels.com//used-cars/bmw-i4-2022-for-sale-in-karachi-11074591,BMW i4 eDrive35 2022
https://www.pakwheels.com//used-cars/porsche-taycan-2021-for-sale-in-lahore-9017093,Porsche Taycan 2021
https://www.pakwheels.com//used-cars/mg-4-2023-for-sale-in-lahore-11088972,MG 4 Excite 2023
https://www.pakwheels.com//used-cars/seres-3-2024-for-sale-in-lahore-11084641,Seres 3 EV 2024
https://www.pakwheels.com//used-cars/dongfeng-box-2025-for-sale-in-islamabad-11082620,Dongfeng Box Lux 430 2025
https://www.pakwheels.com//used-cars/mg-zs-ev-2022-for-sale-in-lahore-11080956,MG ZS EV Luxury 2022
https://www.pakwheels.com//used-cars/mg-zs-ev-2023-for-sale-in-lahore-11073463,MG ZS EV MCE Essence 2023
https://www.pakwheels.com//used-cars/audi-q4-e-tron-2021-for-sale-in-karachi-11062267,Audi Q4 e-tron 55 quattro 2021
https://www.pakwheels.com//used-cars/audi-e-tron-2020-for-sale-in-lahore-11055707,Audi e-tron 50 quattro Sportback 230kW 2020
https://www.pakwheels.com//used-cars/byd-seal-2024-for-sale-in-lahore-11055266,BYD Seal Premium 2024
https://www.pakwheels.com//used-cars/jaecoo-j6-2025-for-sale-in-lahore-10904282,Jaecoo J6 Luxury RWD 2025
https://www.pakwheels.com//used-cars/ora-03-2025-for-sale-in-gujranwala-11050233,ORA 03 400-Pro 2025
https://www.pakwheels.com//used-cars/bmw-ix-2021-for-sale-in-karachi-11049655,BMW iX 2021
https://www.pakwheels.com//used-cars/audi-e-tron-2021-for-sale-in-karachi-11046771,Audi e-tron 2021
https://www.pakwheels.com//used-cars/bmw-ix-2023-for-sale-in-lahore-10595837,BMW iX xDrive40 2023
https://www.pakwheels.com//used-cars/jaguar-i-pace-2019-for-sale-in-lahore-10836360,Jaguar I-Pace EV400 HSE 2019
